	Value-Barrier	Fraud-Detection	Page-View Manual	Page-View Automatic
1	3279.632374	2718.001727	7819.264287	7040.608611
2	5844.967893	4591.377111	10459.84475	11337.65428
4	10443.34851	7618.292573	15006.28212	9979.996274
8	17583.61	12361.47279	17594.93054	6440.834507
12	22773.0654	14993.02731	18440.7645	6982.540339
16	26549.39276	16546.73183	16473.48064	6052.968545
20	29692.66531	18557.25163	16996.63251	5105.693954